{
  "config": {
    "tries": 32,
    "xz_spread": 7,
    "y_spread": 3,
    "feature": {
      "feature": {
        "config": {
          "to_place": {
            "entries": [
              {
                "data": {
                  "Name": "minecraft:short_grass"
                },
                "weight": 1
              },
              {
                "data": {
                  "Name": "minecraft:fern"
                },
                "weight": 4
              },
              {
                "data": {
                  "Name": "minecraft:large_fern"
                },
                "weight": 1
              }
            ],
            "type": "minecraft:weighted_state_provider"
          }
        },
        "type": "minecraft:simple_block"
      },
      "placement": [
        {
          "predicate": {
            "blocks": [
              "minecraft:air"
            ],
            "type": "minecraft:matching_blocks"
          },
          "type": "minecraft:block_predicate_filter"
        }
      ]
    }
  },
  "type": "minecraft:random_patch"
}