{
  "feature": "hybrid_beta:trees_seasonal_forest",
  "placement": [
    {
      "count": {
        "type": "minecraft:clamped_normal",
        "mean": 6,
        "deviation": 6,
        "min_inclusive": 2,
        "max_inclusive": 16
      },
      "type": "minecraft:count"
    },
    {
      "type": "minecraft:in_square"
    },
    {
      "max_water_depth": 0,
      "type": "minecraft:surface_water_depth_filter"
    },
    {
      "heightmap": "OCEAN_FLOOR",
      "type": "minecraft:heightmap"
    },
    {
      "type": "minecraft:biome"
    }
  ]
}